Family,Count,Links
miter,47,benchmark-database.de//file/00d1fe07ab948b348bb3fb423b1ef40d?context=cnf benchmark-database.de//file/08be288536c3178e6874a5676493923c?context=cnf benchmark-database.de//file/093fa3ff9f7bc9979c43f9d2310ac21d?context=cnf benchmark-database.de//file/0a02751cacf5e1cdfcc842a7f220199f?context=cnf benchmark-database.de//file/0cace8a29a1d6b225a8da561d35e8f5a?context=cnf benchmark-database.de//file/0cfe9c90d3a51435a5e4dba7634b882f?context=cnf benchmark-database.de//file/1545660e72158c7e90da5ad4c877a124?context=cnf benchmark-database.de//file/1a20d903db74ab566efc68a35e6b0ec5?context=cnf benchmark-database.de//file/210fe1c0ffefde5bcd03d59b1efa6984?context=cnf benchmark-database.de//file/25447f441df2f134223d3e43319c99ad?context=cnf benchmark-database.de//file/26b648475cfd06695a17ac95f4469744?context=cnf benchmark-database.de//file/278aa933fdef642f33fb02a2b18717c1?context=cnf benchmark-database.de//file/282a02a1743eb47c6b340e52ecce40a2?context=cnf benchmark-database.de//file/31bb67fe67e57dbeb8c4819b01892588?context=cnf benchmark-database.de//file/385042a6042a0df5ddfec6e17f285ae7?context=cnf benchmark-database.de//file/462d72f9b78ab1cd080667ff12a114ac?context=cnf benchmark-database.de//file/4c54efa61599e33d514bf718ff23ad09?context=cnf benchmark-database.de//file/5ab3040d8617bf9f4d4cef4e56dcfd03?context=cnf benchmark-database.de//file/5b0f16de2c5419b80b608db37d07d994?context=cnf benchmark-database.de//file/65c5a5d228ec5e52d1a72f918086f584?context=cnf benchmark-database.de//file/778e0fd8f034b7cfd539b1b523ed4c4a?context=cnf benchmark-database.de//file/7b48f9354d25521bd542d859c0ecdde9?context=cnf benchmark-database.de//file/812926407774771b3bd9885f7bfa4841?context=cnf benchmark-database.de//file/84c6d7e4a18aacf166105aaa3cd6e3de?context=cnf benchmark-database.de//file/88e89266e58f1f125ebc4e0f66e2c060?context=cnf benchmark-database.de//file/8b91c5bf4dfd87ffb46c5ef88a3ef1cd?context=cnf benchmark-database.de//file/8d4b50ec0cf99097e9ab0835937afee5?context=cnf benchmark-database.de//file/912ce8c21d8fb8abc491cb205ec23e9f?context=cnf benchmark-database.de//file/a14d9ee17051ec08a4334ba43089502c?context=cnf benchmark-database.de//file/aceab5a3452e2901e645065bda3e8847?context=cnf benchmark-database.de//file/b76fa2f50a42120ec54fa98c29113326?context=cnf benchmark-database.de//file/bb591c6447fb6b4180f6d288eb2ff62a?context=cnf benchmark-database.de//file/bdcdb52d16f87ea20f091ca4b0b6a36f?context=cnf benchmark-database.de//file/c214f1eb2576af00e3fb09f7d0305764?context=cnf benchmark-database.de//file/c6e03256680b96b52e3345a497333c2b?context=cnf benchmark-database.de//file/c8e64404361f2426490d39459832c66a?context=cnf benchmark-database.de//file/d3893e43819a907055a84e48a6ee97ba?context=cnf benchmark-database.de//file/d7dbb2cba940af33b2bce37ea99b8110?context=cnf benchmark-database.de//file/dacb03ea801d459ef08db23a8b1d104f?context=cnf benchmark-database.de//file/dd57f6ebf07a7f932a82bed1877788e6?context=cnf benchmark-database.de//file/ddc0720fa5a91d9cc0dc726644ab9e9f?context=cnf benchmark-database.de//file/e06be7a69dbd6d6866a2799cd40c4bfe?context=cnf benchmark-database.de//file/e371cd7cdde3e7ccb9834290fd4a92d0?context=cnf benchmark-database.de//file/e38601380bfbab35dd8c5927283533fb?context=cnf benchmark-database.de//file/e85fb114c33f450dc2622c78bc6fa019?context=cnf benchmark-database.de//file/f0426369f61595aee97055965ee7e6a3?context=cnf benchmark-database.de//file/f70788e8446c1bc42684316de0a6c164?context=cnf
planning,6,benchmark-database.de//file/02066c116dbacc40ec5cca2067db26c0?context=cnf benchmark-database.de//file/0ac5ff376b826f68d384ba05a1d00de0?context=cnf benchmark-database.de//file/69e34d0f49c71a7e145d8104ebe0273f?context=cnf benchmark-database.de//file/83dc8f675657b3e6d148ef5cf897fb82?context=cnf benchmark-database.de//file/8bf63d50ebdb645b75a24370b8f94d31?context=cnf benchmark-database.de//file/aacfb8797097f698d14337d3a04f3065?context=cnf
hamiltonian,40,benchmark-database.de//file/0265448c232e3a25aa5bcd29b1b14567?context=cnf benchmark-database.de//file/09b61bbf19748094a7d896aac314ab36?context=cnf benchmark-database.de//file/09c1b79b1cfe3522364fe60aef780703?context=cnf benchmark-database.de//file/13ae2628d8e113db1786dba41a65fe38?context=cnf benchmark-database.de//file/14e4cfcf0d83b2185fad41684d00d4dc?context=cnf benchmark-database.de//file/1507d9812624b3e0eaf15e40100be020?context=cnf benchmark-database.de//file/195852083a05edee1902233698eec14a?context=cnf benchmark-database.de//file/19e2c3a0865c8c1b4543d11213bebe5f?context=cnf benchmark-database.de//file/3a75ad246dbc750a7391ad887c5b0835?context=cnf benchmark-database.de//file/3c6e1d1c4b8d3d08aa4c1df3805f4f7d?context=cnf benchmark-database.de//file/475803537529d9d14a034957f48a6d38?context=cnf benchmark-database.de//file/54c2da6d387a6f5ad6e014ae4d4decfc?context=cnf benchmark-database.de//file/57f4ea7ab160d996e38e69fac59869c4?context=cnf benchmark-database.de//file/5865fb9a6575d2ae6542c36ab96646a9?context=cnf benchmark-database.de//file/5e1c11b77cdf3717b81b957120f0f477?context=cnf benchmark-database.de//file/697c96ac45534726c7dbd96faa11a86a?context=cnf benchmark-database.de//file/7fb202a51c0223f3119887a57086ca4d?context=cnf benchmark-database.de//file/8b18bb75459a4161633ba2a3c8ee183e?context=cnf benchmark-database.de//file/915a25bd189357e4c6d7771b69a6849f?context=cnf benchmark-database.de//file/9d9c4fa425282759eb9e98b82fb5f56e?context=cnf benchmark-database.de//file/a45a0358685867bd4f1c7f7c0b0e379c?context=cnf benchmark-database.de//file/aa9b67fd19d54ad51b93ee4ba5dc75fc?context=cnf benchmark-database.de//file/ad4e151d80c7012d88dd79bcfceaade5?context=cnf benchmark-database.de//file/af05a6b68a1cff165b684d9ff0ae3b3b?context=cnf benchmark-database.de//file/b44ea915362c3a140269003d45b1d053?context=cnf benchmark-database.de//file/b7273af3d468ea2595f11a6dbd6ef6ce?context=cnf benchmark-database.de//file/bbfed8974655bca520259deb10d2347b?context=cnf benchmark-database.de//file/c0e6e6eeebd48ca600cfc7d662fa804c?context=cnf benchmark-database.de//file/c3e53c353f30d9e2eb54ed93d6ce4f02?context=cnf benchmark-database.de//file/c5a98231dd54cbca06135293bb7e1985?context=cnf benchmark-database.de//file/c6568fc8805127e876c4c23551bf49fa?context=cnf benchmark-database.de//file/d195412a62cdcbb851136f60af76f463?context=cnf benchmark-database.de//file/ded23680dfeab2879c05bc0e4de21126?context=cnf benchmark-database.de//file/df1bd67978b9b0ec1d326ba174bc273c?context=cnf benchmark-database.de//file/e08f11f0a3bd266ee5c78ce332de107f?context=cnf benchmark-database.de//file/edceb8782e72e290fa54757dbfdd0173?context=cnf benchmark-database.de//file/eddd68e14d69cce7190b99f4e7abdafb?context=cnf benchmark-database.de//file/f296fe701a562022c0de0cf565fbca7d?context=cnf benchmark-database.de//file/f376d4c191518ed704326960b6b19a4b?context=cnf benchmark-database.de//file/f45e5faf1bcccbdd3065dd6367c3bd16?context=cnf
reg-n,4,benchmark-database.de//file/02e4f23ed59566d343b605dc2cc30a01?context=cnf benchmark-database.de//file/1ea68d0008f01c50a1e4fec77dd0775e?context=cnf benchmark-database.de//file/1f44da3598ccf8bcbe9a90fb1b2f1ebd?context=cnf benchmark-database.de//file/2b8a711debc3a6edd01e7b4e305342d9?context=cnf
software-verification,15,benchmark-database.de//file/02f6ca52f1ada872d82035088701b66a?context=cnf benchmark-database.de//file/0d3160b80aa406bfc718c007265b9e73?context=cnf benchmark-database.de//file/0f262afd5b117000f8b4734d175aadab?context=cnf benchmark-database.de//file/1e0da402100982e53001a64281149dd9?context=cnf benchmark-database.de//file/25cc054738293c0d9377d7b72b78a341?context=cnf benchmark-database.de//file/44fd38bd0c5fc7336be468161dee4eda?context=cnf benchmark-database.de//file/573cc82ec61e01fd6e6308493ee56289?context=cnf benchmark-database.de//file/6008b958ff6877f32c26b72728df4523?context=cnf benchmark-database.de//file/878bcc11e1e243680f7946bcf428f465?context=cnf benchmark-database.de//file/aaa3654cc92d80da84ecf5d18040c634?context=cnf benchmark-database.de//file/c03f7f84f6ac9e523c17e391c3895183?context=cnf benchmark-database.de//file/c21cea390a50204944aa00babd56b53c?context=cnf benchmark-database.de//file/c8b129b9e4835b8a40d5ef0d27a45bef?context=cnf benchmark-database.de//file/e8abb9c83efdd96a99990f3b914ea873?context=cnf benchmark-database.de//file/f54b352934be08821aa75b3424112956?context=cnf
minimum-disagreement-parity,17,benchmark-database.de//file/04ded94454830d4ea960327e8b91f5a3?context=cnf benchmark-database.de//file/1548977b4e27032fe07cda357782cd6a?context=cnf benchmark-database.de//file/16ca57f2cdffd5b0260fc771017e1f04?context=cnf benchmark-database.de//file/1e74212168124b696531fed471b480b1?context=cnf benchmark-database.de//file/23daec2c71ce3c1e346e6042f3dc42eb?context=cnf benchmark-database.de//file/3184e52e950ac39095a801c418f68d50?context=cnf benchmark-database.de//file/37a11ae189df2834a3f294736f34608f?context=cnf benchmark-database.de//file/425c81fc3af7f5124b6282583d80df11?context=cnf benchmark-database.de//file/4f2d6659b5c9bf594ea12e3e1a85799f?context=cnf benchmark-database.de//file/8ffd718f763ed7a3f691cf46e57f8d98?context=cnf benchmark-database.de//file/9a06700729bf3426beb8a62040f92960?context=cnf benchmark-database.de//file/a5dc6226e4c0bebb06926efe55640995?context=cnf benchmark-database.de//file/a9cb77454c6cfdf4092fb304d3aae8b7?context=cnf benchmark-database.de//file/ab3438b504b296fcee78ec9e71969863?context=cnf benchmark-database.de//file/d11944fbca2dd6540f18bd05b6ccda0c?context=cnf benchmark-database.de//file/d1940d3d830eb16a7d2270ca4af4acba?context=cnf benchmark-database.de//file/db15a85651e0d941a11bf8640625edd8?context=cnf
polynomial-multiplication,4,benchmark-database.de//file/04e219c640ed59dc68ea2d50493de5b5?context=cnf benchmark-database.de//file/6077d4e5f755124ddc84068d6ccb630f?context=cnf benchmark-database.de//file/897acc1858ce0887f286aba5c0d56d71?context=cnf benchmark-database.de//file/c0293283432a9b15cd743702163f5184?context=cnf
heule-nol,11,benchmark-database.de//file/05c8e94aaee86390eaf6e68dd3ec3570?context=cnf benchmark-database.de//file/0a27eb7c16c1e69ff4d087d217ac89cb?context=cnf benchmark-database.de//file/0d81711a3d73c828e8c6e12607eda82d?context=cnf benchmark-database.de//file/47e1ada0070708c2953d322c06aea00d?context=cnf benchmark-database.de//file/50019e4419d48196bb4b95933a8b5030?context=cnf benchmark-database.de//file/52aaf653a79ca14fa1127cda32aa94ce?context=cnf benchmark-database.de//file/634a271f5fe339007a186539d615e92f?context=cnf benchmark-database.de//file/994783ef4ed3a0366842e1b6f9128a6f?context=cnf benchmark-database.de//file/b8c7c777e76995e5bf7b517f2db234ba?context=cnf benchmark-database.de//file/c73edc350cfa8e07af58db50054aea45?context=cnf benchmark-database.de//file/de7a6b03999e2bc5bd750831c2662a4d?context=cnf
argumentation,21,benchmark-database.de//file/05ed64e4e6229f446082752936768489?context=cnf benchmark-database.de//file/2eb039a5aa6bfb6e41d3afd41071ca55?context=cnf benchmark-database.de//file/40737c2f46512069d54b0d2bb3b47a20?context=cnf benchmark-database.de//file/4214f45042f8c504f9837afaec88bf8f?context=cnf benchmark-database.de//file/4be4ae25aae88528bc10f8369bba86df?context=cnf benchmark-database.de//file/4d7f6efbae05b66ffbbd509a430d57f8?context=cnf benchmark-database.de//file/55199d55fa9c3751a525d6c0a0e649bd?context=cnf benchmark-database.de//file/5cb1ca8fe8a9d9125ea9accd498445f1?context=cnf benchmark-database.de//file/67b4844c4bfbaf961cbbd79b953aa5c2?context=cnf benchmark-database.de//file/7b9d8b9b31b530effd634f5a8f1f4411?context=cnf benchmark-database.de//file/8b31606e10656ff7eb2936262b647443?context=cnf benchmark-database.de//file/96a6796405061571e12d383efe27b703?context=cnf benchmark-database.de//file/9e749596a8de36d8ab706c96cf128455?context=cnf benchmark-database.de//file/a58b8a5eb61d3110d9fa36a03de588d2?context=cnf benchmark-database.de//file/b11374f7fe60b9a63fbfde24b1a0a439?context=cnf benchmark-database.de//file/bd19da88800086971e554e9d66bc641d?context=cnf benchmark-database.de//file/d5f6b2092795aad67d1df1fd3a329552?context=cnf benchmark-database.de//file/d7f2e4ec8e631387c928c79e1054c663?context=cnf benchmark-database.de//file/e84b00b1f134e0e071a2baf54cfc90e8?context=cnf benchmark-database.de//file/ea827f81bd0e9735739adc0d9da1b446?context=cnf benchmark-database.de//file/f15ad4206d95a3f8f1358b33301539be?context=cnf
tseitin-formulas,8,benchmark-database.de//file/07b476c83150d3cb7e08f5d045e255ab?context=cnf benchmark-database.de//file/0fa8623240b5c14c1308f863a6dc88ab?context=cnf benchmark-database.de//file/24bdfb34654b1aa703fae31ea91e7c7f?context=cnf benchmark-database.de//file/35789168b67a74985804902008251269?context=cnf benchmark-database.de//file/36dbc206c7d9773bebb03f752070cee9?context=cnf benchmark-database.de//file/556cf803f9de4b2ec688825b5ff7e325?context=cnf benchmark-database.de//file/aa39c6d885d283a085d033ab7b89f8c8?context=cnf benchmark-database.de//file/c69c5163c9087ffe770743bd4cdafcc9?context=cnf
scheduling,50,benchmark-database.de//file/07c50b89d97a55b6e1629999a445a2ba?context=cnf benchmark-database.de//file/07e6413459f92b613498a719125b6239?context=cnf benchmark-database.de//file/09d7add3bf3b75c5d1023a92e752989a?context=cnf benchmark-database.de//file/0ac6aaf6db6a0e4ec3a06e865d01086f?context=cnf benchmark-database.de//file/0d3fcbb89bfb8e821058ba3ea4284de1?context=cnf benchmark-database.de//file/11cc532ecddfb10a47e0a869b4867c1b?context=cnf benchmark-database.de//file/1afa2d7a3d817c3149da432eece66da8?context=cnf benchmark-database.de//file/207b28c3cefc55b143259222cbfd4962?context=cnf benchmark-database.de//file/22b4cf412c811872d6ba5078106aeb6c?context=cnf benchmark-database.de//file/29e61b1317804fb897e84237613d42bb?context=cnf benchmark-database.de//file/2a15a30186afdad41a49c5c5366d01be?context=cnf benchmark-database.de//file/31e788a12ddc8b43ec20e77d53abaa23?context=cnf benchmark-database.de//file/32585e66749f42e161e94fc49fd64750?context=cnf benchmark-database.de//file/3593875d75d6e836a3ac328c5426c1b5?context=cnf benchmark-database.de//file/3988a60c6e93167763c6fd2a347d5859?context=cnf benchmark-database.de//file/43e492bccfd57029b758897b17d7f04f?context=cnf benchmark-database.de//file/44c25de7963c45e92a2407ad839f6e8b?context=cnf benchmark-database.de//file/5432e4dd44480fadbd66647db1750c80?context=cnf benchmark-database.de//file/576ebc1333f2c466c2dec98792721e1f?context=cnf benchmark-database.de//file/5952b9f18b73dabb531c60e3ac85d26f?context=cnf benchmark-database.de//file/5a068ba62fe30e435a76e2ec80896ef4?context=cnf benchmark-database.de//file/5b5dfab02ce5c12a50be3bc7d7cc42c7?context=cnf benchmark-database.de//file/5ea72bcdccc86bd1a924029f7b81aec5?context=cnf benchmark-database.de//file/62dcbf79f5ecef5618c9d9a00311326c?context=cnf benchmark-database.de//file/6fc528fc3d0fd5a2c50992feb8bf0357?context=cnf benchmark-database.de//file/74f145bb935650f5c982d7eec6967945?context=cnf benchmark-database.de//file/7f1c7da531539f3be4a1e0e916913086?context=cnf benchmark-database.de//file/7f7109dce621ef361a72b3e8cee9a962?context=cnf benchmark-database.de//file/7fca438c38e5b7a70e38778ec146cfe0?context=cnf benchmark-database.de//file/83b330c934d6dd35d56e1b1ca3638b3c?context=cnf benchmark-database.de//file/94dd280b1562ee7dae44b303b8fed233?context=cnf benchmark-database.de//file/9e85aad5707405fb349c6c5548040cf4?context=cnf benchmark-database.de//file/a08e66296d00f480e9ccadd79fa8b904?context=cnf benchmark-database.de//file/b087c195e5b7bb191d3a701aa0aa8cf1?context=cnf benchmark-database.de//file/bd12a2b66110451b050bd5d2943b1854?context=cnf benchmark-database.de//file/bd8bc25be2b36c64b38459c17e815814?context=cnf benchmark-database.de//file/be6411f4784a3c879886dda807cdc607?context=cnf benchmark-database.de//file/bfadd34e71516e95d0ba2a3a8fb2ba03?context=cnf benchmark-database.de//file/c801a020a6c8bc3c287fea495203b114?context=cnf benchmark-database.de//file/ca14adcb9296a7b31d7815c2ed16d0f1?context=cnf benchmark-database.de//file/cc30e4eedbcf9c3bc110894d08781246?context=cnf benchmark-database.de//file/d02fae1e84cfbe799c792ba237f08f66?context=cnf benchmark-database.de//file/d7627176604d5b86f34d2f5d14d8ee99?context=cnf benchmark-database.de//file/da929c2aefde5e59878ad87c4323e581?context=cnf benchmark-database.de//file/dafc03ea784fee849febca7b64230558?context=cnf benchmark-database.de//file/e481a97a93fd6b4303f39024d19c2867?context=cnf benchmark-database.de//file/eda4aa84aeeb306468396fa82a6bba5a?context=cnf benchmark-database.de//file/f7e855b18105170b0718086d3f5b5923?context=cnf benchmark-database.de//file/fae08ac5b6d7eeb4f56f1cfac6c51703?context=cnf benchmark-database.de//file/fb45d41807bcbbbe689de282c1310798?context=cnf
crafted-cec,1,benchmark-database.de//file/0876c518e5653369e20fb1ee0bb8db40?context=cnf
cryptography-simon,10,benchmark-database.de//file/089f909e37b3ef0c4d90687f7e22b68f?context=cnf benchmark-database.de//file/08ccc34df5d8eb9e9d45278af3dc093d?context=cnf benchmark-database.de//file/2b043efb4bde6d83f7c95a8e8e2d7bf8?context=cnf benchmark-database.de//file/2fcd8533eba981967292f1b6e41f7433?context=cnf benchmark-database.de//file/3129198788f182ce6955b18aa3c7e61e?context=cnf benchmark-database.de//file/4073757aae06fc2b50c043f088b132b4?context=cnf benchmark-database.de//file/5ee7de2bd112aa39485e79c9d487bf8f?context=cnf benchmark-database.de//file/7cbc3ce2052ba7c5b501f75af58ab3c4?context=cnf benchmark-database.de//file/7e1d279559b202016e5797901e731a39?context=cnf benchmark-database.de//file/cdce6277b01ae06ddb95468c5f05de71?context=cnf
bitvector,4,benchmark-database.de//file/096e485489025895cdc59887baafa08b?context=cnf benchmark-database.de//file/0e5ffe8651c6d9c3cccc3f6cb72be39a?context=cnf benchmark-database.de//file/1165e12b6addad01b491c4616306186c?context=cnf benchmark-database.de//file/4106867bc76b8794330a205cf8a303ad?context=cnf
maxsat-optimum,13,benchmark-database.de//file/0bad2ce307bf5b68db26fa34e252c9d4?context=cnf benchmark-database.de//file/14ea5857d75ae2b235a3ba97373ea732?context=cnf benchmark-database.de//file/170a7d847694ee4cfa5c421757672882?context=cnf benchmark-database.de//file/1a1c9d1dc1ae7fcff92e3c3499864b75?context=cnf benchmark-database.de//file/1b0f4ff7984b8d4cf2873200fb1680fb?context=cnf benchmark-database.de//file/71a3dd6156463c0c55c4b38394faa753?context=cnf benchmark-database.de//file/7429e380834066c206394139c9e1e17d?context=cnf benchmark-database.de//file/82d9e8d2cfea101dfe52c8359b7bb163?context=cnf benchmark-database.de//file/94571e8a1081385029d1ecd53ffcdf8e?context=cnf benchmark-database.de//file/be18894105e006399cc018abc14b204f?context=cnf benchmark-database.de//file/c9f511adbb3d6e1b37b410f972f270c6?context=cnf benchmark-database.de//file/e067414e153ee98a7842bd6d6dafeee5?context=cnf benchmark-database.de//file/f16b7329ef5728f722c291156b3b098e?context=cnf
or_randxor,1,benchmark-database.de//file/0ef029cb7616d4a89eb6d1f63e89f67e?context=cnf
random-modularity,1,benchmark-database.de//file/0fa9521ff633b27be11525a7b0f7d8b6?context=cnf
summle,3,benchmark-database.de//file/1009c791cee542cdf19651fe25e6881a?context=cnf benchmark-database.de//file/3bf8ba6bb4e4ea9ad08b1b058661ba2e?context=cnf benchmark-database.de//file/f054205a7cef98e5021016f864c69816?context=cnf
relativized-pigeon-hole,2,benchmark-database.de//file/1156429862d3c03160406d6d1a786f11?context=cnf benchmark-database.de//file/2dd4b14a8a820e7baa073554ae2c6cb0?context=cnf
heule-folkman,11,benchmark-database.de//file/12b4a08e412a3bffb513ca65639c7c69?context=cnf benchmark-database.de//file/30f0db845937bbda3ffde60e5ed4cb3f?context=cnf benchmark-database.de//file/461df1a7056560279d532bc2743022b6?context=cnf benchmark-database.de//file/72c0d81e16d91bcaed808efcde2e5069?context=cnf benchmark-database.de//file/773f3bd29e202ff700d8b5b459857a2c?context=cnf benchmark-database.de//file/77b7f7bbf75faaee28f473b9941de103?context=cnf benchmark-database.de//file/b3167d999edd81291f33636464f2f8e6?context=cnf benchmark-database.de//file/d40a68825bdbcdd7642b249325a7b6a2?context=cnf benchmark-database.de//file/e7248b57a310ad461924eb17956cdf3a?context=cnf benchmark-database.de//file/eed5189b73738270ae3fdb8b33bf31c8?context=cnf benchmark-database.de//file/ef16970ab9da31165d3c401ff9b29168?context=cnf
hardware-verification,5,benchmark-database.de//file/1427381a809c64c721838894ece6756d?context=cnf benchmark-database.de//file/34fa0922e66aee3b6f6ffe1760f459d4?context=cnf benchmark-database.de//file/907e7dc703e16ad2c7e56a33fe3b3e5f?context=cnf benchmark-database.de//file/a552a058e6376a36b1f1b2724f228364?context=cnf benchmark-database.de//file/dcf5b8224d1e0748871c83ee10067255?context=cnf
rbsat,5,benchmark-database.de//file/16c27d738cb45b766b8823ca4f428cf0?context=cnf benchmark-database.de//file/3ed56242f55e3653dbceeb4a70221787?context=cnf benchmark-database.de//file/5e5fe73a2e0ffc8e19873298566919fb?context=cnf benchmark-database.de//file/695e287a447fcdd924985a6e73057a38?context=cnf benchmark-database.de//file/e99e266b422513a2898c13898a1de501?context=cnf
binary-tree-parity,2,benchmark-database.de//file/16c5482d8e658b54e20d59cfd4b1d588?context=cnf benchmark-database.de//file/7db30d12cb06f0dc2f30abff80d96d6a?context=cnf
random-circuits,15,benchmark-database.de//file/170b13af977e962321c493544b2bd0a9?context=cnf benchmark-database.de//file/303480ca7e8322d771c94caf4ebd4e95?context=cnf benchmark-database.de//file/37ca184832fc6fa43a22ae900f1756a2?context=cnf benchmark-database.de//file/396fd56f3fd7b85afbba4254ea6e746c?context=cnf benchmark-database.de//file/511a2d81661a185c2115daec42270dec?context=cnf benchmark-database.de//file/6f7a0e1cf94b6b26eafc08a827a692ce?context=cnf benchmark-database.de//file/70bfbd054dc9ffd394fab32845b492d3?context=cnf benchmark-database.de//file/71ec94c233016219e12d671594dc88e5?context=cnf benchmark-database.de//file/7ac7fabd8c078aea420087a0c80e5563?context=cnf benchmark-database.de//file/8942dca5dc0876fc3f723f738d72de1c?context=cnf benchmark-database.de//file/9e6c2e7b0d6f58e449716deb9305525a?context=cnf benchmark-database.de//file/adf6dacdd64c93f9de1aa0eadf427faa?context=cnf benchmark-database.de//file/b68ae7866df5e852c3acb97a46da2faf?context=cnf benchmark-database.de//file/e2deb375e56da2360ecd08fc1179fb7d?context=cnf benchmark-database.de//file/fa50d69adc71fe4daf7f9088cd02864a?context=cnf
coloring,8,benchmark-database.de//file/18c0eb461bda29214bd43b84199a3b61?context=cnf benchmark-database.de//file/67c533489a498495525efee429340958?context=cnf benchmark-database.de//file/768956cc8d1f2d18ae1929f6bb26557a?context=cnf benchmark-database.de//file/973d699ec01b88da869233a79aaa1912?context=cnf benchmark-database.de//file/ac347c21ca0759079c0be9a758e4e924?context=cnf benchmark-database.de//file/b172b4c218f1e44e205575d2b51e82c4?context=cnf benchmark-database.de//file/bbfe2b27182d2ee7fefdb557f458ac9c?context=cnf benchmark-database.de//file/cdd131110acc861a5a01fae6c4936c91?context=cnf
rooks,3,benchmark-database.de//file/1b3c7ac17705be94daaddb5f5ae4816b?context=cnf benchmark-database.de//file/2115182958f6cfb5a172a24f989b86dd?context=cnf benchmark-database.de//file/6f0e236c999de0a5e3c46fd3463b1d0d?context=cnf
cryptography,9,benchmark-database.de//file/1e3c3e8d349759b8b482a6f2721762c4?context=cnf benchmark-database.de//file/26254890fa7107f85242ec9190da2a7a?context=cnf benchmark-database.de//file/79b9e24dd9af185dbec18c9b0a32b1e2?context=cnf benchmark-database.de//file/9276ce38c625b2d00de247f8588f1542?context=cnf benchmark-database.de//file/c82eee3badbc8432dad72d1d575a0ea6?context=cnf benchmark-database.de//file/cd33a862b81ba7b887845d3510c41c62?context=cnf benchmark-database.de//file/e0bf26a7527cd162c7d3016d4b2ab9fb?context=cnf benchmark-database.de//file/ecca77b5350eca6a4323edd5b38208c6?context=cnf benchmark-database.de//file/f86dad4ba35369eb720a0c9ddc45037a?context=cnf
hardware-model-checking,1,benchmark-database.de//file/29ab150158d641568f888e8401d2ac13?context=cnf
independent-set,15,benchmark-database.de//file/29d86d9a3b85c349e10ad68d7a713da2?context=cnf benchmark-database.de//file/2b032f8a8976a302ad125eb50a3e8445?context=cnf benchmark-database.de//file/46d75199933980fdb856f13e5b1817dd?context=cnf benchmark-database.de//file/4a8285a53f30b35016b0c85ea17ba155?context=cnf benchmark-database.de//file/6a674acad2aeac729ecb39ad9e4a2298?context=cnf benchmark-database.de//file/6c52aca5b5fd284bf1940b84df90a367?context=cnf benchmark-database.de//file/7dc0e1b5fedbd8351907f1316b58e68f?context=cnf benchmark-database.de//file/a6ed647f85f20be4aedd1e9ce31cbdcd?context=cnf benchmark-database.de//file/a917b02a7c31e74c8ccf8b8f001abf37?context=cnf benchmark-database.de//file/aa6e6f67719ca43aef922f2ebabc409a?context=cnf benchmark-database.de//file/cccee4b0d4c70a5d5422663e2d8887da?context=cnf benchmark-database.de//file/dd5fc8da5454a990a0e7999884158c64?context=cnf benchmark-database.de//file/dd7164f2592c9675618c5c99af9b70f3?context=cnf benchmark-database.de//file/e85e793a66a2c9d390f40acf29a5346b?context=cnf benchmark-database.de//file/ff9e9b01d50d01ecb6740472d7dd36cd?context=cnf
popularity-similarity,1,benchmark-database.de//file/2a53e9c6a25a50d753a94ead66065826?context=cnf
sgen,2,benchmark-database.de//file/2b60f9be1439f63b7f174c6b8ca7fedf?context=cnf benchmark-database.de//file/41f4cb4992a481c9d43e2e1a4e2349ac?context=cnf
mutilated-chessboard,3,benchmark-database.de//file/2c3c28f6d939d157e909c57a265fc908?context=cnf benchmark-database.de//file/8704094951693f99fd21403a039c8131?context=cnf benchmark-database.de//file/ec84eecb124c63d4757e083dd0e5a9ff?context=cnf
subset-cardinality,1,benchmark-database.de//file/2d6d26e1c5b4f2763c03697a6d00d3cf?context=cnf
cryptography-ascon,6,benchmark-database.de//file/305ad7d773d6c72be9b1efbf7bf482e0?context=cnf benchmark-database.de//file/6969c86fbc5814332ab8615031334fa8?context=cnf benchmark-database.de//file/7f2b4b2bde9b866b93fbfe01341213da?context=cnf benchmark-database.de//file/a5419a63d913bde0ba5bcd8a8571342f?context=cnf benchmark-database.de//file/b8f5fc2425facb3aec52a665f32a500c?context=cnf benchmark-database.de//file/f48735588e3515135f039e8bc8efaee5?context=cnf
hamiltonian-cycle,1,benchmark-database.de//file/334aa882de28856fc8c75885285d2a3c?context=cnf
graph-isomorphism,1,benchmark-database.de//file/39277cab188349aee0f229cb7341b5c5?context=cnf
subgraph-isomorphism,4,benchmark-database.de//file/39fba35826ce8c87cd8e8de1969b2dd2?context=cnf benchmark-database.de//file/6f4df706246d29bf38adadd274fadab3?context=cnf benchmark-database.de//file/ae9522ea003ea9f75891b2d37a5e264b?context=cnf benchmark-database.de//file/af750c18578d52e60472315692ad83c0?context=cnf
cril-misc,2,benchmark-database.de//file/3b59c5d9b6729f39c8483446701f4ed0?context=cnf benchmark-database.de//file/88d151d4e3c6ba9bd78454de141cd108?context=cnf
waerden,1,benchmark-database.de//file/4517202fdd0ccc8a97d83684b021ea96?context=cnf
fermat,1,benchmark-database.de//file/45a09efb026036ff4b8d19024a7563a9?context=cnf
quantum-kochen-specker,10,benchmark-database.de//file/479b1413f8bd1d6fc0723856ffca9792?context=cnf benchmark-database.de//file/61069e0e3339af80000b774a041b7d96?context=cnf benchmark-database.de//file/6add7e416c1126607afeb2666af330ac?context=cnf benchmark-database.de//file/761651d4b6454108403bdefe22720fb3?context=cnf benchmark-database.de//file/8530c911b75ab1b276042043d118a875?context=cnf benchmark-database.de//file/8e720686372c5037f30b4fc7b1c71d48?context=cnf benchmark-database.de//file/b4b41b2ff14427e5715cb9bee06d4602?context=cnf benchmark-database.de//file/f8443057c188f6c9cfb711ff3d4aa6ff?context=cnf benchmark-database.de//file/fb0e505b8bd19a34f1f80b8e020e7856?context=cnf benchmark-database.de//file/fb51311320bb42bdb893249998a77f40?context=cnf
clique-width,1,benchmark-database.de//file/4e366e723d75fe39bf6db9a24ffb059b?context=cnf
risc-instruction-removal-golcrest,1,benchmark-database.de//file/5411047bc24f4321f0e490e01e4a0910?context=cnf
quasigroup-completion,2,benchmark-database.de//file/543e67dd5abc272c37775b1b742a1d9a?context=cnf benchmark-database.de//file/70ef2b6bdc4101a0e35cf3d165571fe3?context=cnf
hgen,1,benchmark-database.de//file/5690b9b0380aa9508699e56cae5918b5?context=cnf
knights-problem,1,benchmark-database.de//file/59825ed96dc3bbdbd8789a4870b323ec?context=cnf
equivalence-chain-principle,4,benchmark-database.de//file/63732c330adb8de8dd47ce1693b86d0e?context=cnf benchmark-database.de//file/8d2dfc50c1759dc11a6564d5c368c6df?context=cnf benchmark-database.de//file/9cd3acdb765c15163bc239ae3a57f880?context=cnf benchmark-database.de//file/f18c7c7b8666458fd04ea7a253ae1e20?context=cnf
risc-instruction-removal-subrv,2,benchmark-database.de//file/6543793076c30fc7cdfa5a3c819cedc7?context=cnf benchmark-database.de//file/ee57608ea4b74f25aebca809d59711c9?context=cnf
battleship,1,benchmark-database.de//file/7083b70c1976162e2693d7a493717ffd?context=cnf
grs-fp-comm,2,benchmark-database.de//file/792495b57d6145fd21d7076eab2ab06a?context=cnf benchmark-database.de//file/9777418f75e1dfbd7d34e9b0ba4bf0b5?context=cnf
stedman-triples,2,benchmark-database.de//file/91e0db01b254eb78f6643328045bfeb9?context=cnf benchmark-database.de//file/f50eaf02a8041510b64104998cc81d2f?context=cnf
erdos-discrepancy,1,benchmark-database.de//file/9dcbf221b8d2bb01f30bcca283f3608d?context=cnf
random-csp,2,benchmark-database.de//file/a38affaa741c958fc32769d5fe89b06c?context=cnf benchmark-database.de//file/c2bfe541b7cff948fa3193e9ca0eddee?context=cnf
hypertree-decomposition,1,benchmark-database.de//file/a5fc113e7d4899f4e4af14b87b6fd6ae?context=cnf
st-connectivity-principle,2,benchmark-database.de//file/b3c587501567db72e6e66c6930cf15ed?context=cnf benchmark-database.de//file/b3f53d4c67b234d27e21f5e56bfd39e8?context=cnf
cellular-automata,2,benchmark-database.de//file/b5028686db9bd1073fa09cbd8c805f47?context=cnf benchmark-database.de//file/cd361d33986dccd7f2d86016d6c35241?context=cnf
circuit-multiplier,1,benchmark-database.de//file/c5ae0ec49de0959cd14431ce851c14f8?context=cnf
puzzle,1,benchmark-database.de//file/c76f3c6c2e2eae85fc5f3d499f3db88d?context=cnf
clique-formulas,1,benchmark-database.de//file/cb2e8b7fada420c5046f587ea754d052?context=cnf
ramsey,1,benchmark-database.de//file/dc7817dfa2817916b266c1cfacd2ee66?context=cnf
unknown,1,benchmark-database.de//file/e6cdc2687fa53506021f05b60ad0c6a2?context=cnf
automata-synchronization,1,benchmark-database.de//file/ef330d1b144055436a2d576601191ea5?context=cnf
influence-maximization,1,benchmark-database.de//file/f32bb347996c351bc3e9a91c58e8601d?context=cnf
pythagorean-triples,1,benchmark-database.de//file/f561c52b987bdb9031a477864070b759?context=cnf
tree-decomposition,1,benchmark-database.de//file/f746dae2050dd4aa48bcd53e8bd897b4?context=cnf
binary-pigeon-hole,1,benchmark-database.de//file/fa5c6d6736a42650656c5bc018413254?context=cnf
